,lithium,nickel,cobalt,aluminium,natural graphite,iron,phosphorous,manganese
NCA,0.0001,0.0007099999999999999,0.00013000000000000002,2e-05,0.0012,,,
LFP,8.999999999999999e-05,,,,0.0012,0.00067,0.00037,
Standard NMC (NMC-111),0.00014000000000000001,0.00035,0.00035,,0.0012,,,0.00033
Low-nickel NMC (NMC-532/622),0.00011,0.0005,0.000185,,0.0012,,,0.00021500000000000002
High-nickel NMC (NMC-721/811),0.000105,0.000615,0.000125,,0.0012,,,8e-05
