year,num_days,tone_mean,tone_std,num_news,news_per_available_day
2016,366,-0.687101777007148,2.2694118117922355,87430,238.87978142076503
2017,365,-0.30436166324010294,2.223012889814033,77546,212.45479452054795
2018,365,-0.5775887635733448,2.31734643663625,71698,196.43287671232878
2019,365,-0.19659001025317605,2.447564953040088,46931,128.57808219178082
2020,366,-0.864424915180616,2.5054132807950644,38427,104.99180327868852
2021,365,-0.1093644359051548,2.302206050761467,44241,121.20821917808219
2022,365,-0.16147903717169107,2.332684940868814,45486,124.61917808219178
2023,215,0.0025268705208461115,2.269886927287066,33786,157.14418604651163
